role,candidate_id,submission_eligible,eligible_if_predeclared_before_target,panel,pieces,direct_beat_f,direct_beat_cmlt,direct_beat_amlt,direct_downbeat_f,direct_downbeat_cmlt,direct_downbeat_amlt,direct_mean_f,casm_no_smc_beat_f,casm_no_smc_beat_cmlt,casm_no_smc_beat_amlt,casm_no_smc_downbeat_f,casm_no_smc_downbeat_cmlt,casm_no_smc_downbeat_amlt,casm_no_smc_mean_f,dbn_default_beat_f,dbn_default_beat_cmlt,dbn_default_beat_amlt,dbn_default_downbeat_f,dbn_default_downbeat_cmlt,dbn_default_downbeat_amlt,dbn_default_mean_f,dbn_30_300_beat_f,dbn_30_300_beat_cmlt,dbn_30_300_beat_amlt,dbn_30_300_downbeat_f,dbn_30_300_downbeat_cmlt,dbn_30_300_downbeat_amlt,dbn_30_300_mean_f
best_val,epoch_0029_8c359ed1,False,True,allowed_val,556,0.9053899644476687,0.8082542563911203,0.8385482514329853,0.8066410448344324,0.6272982743465364,0.7232164552891769,0.8560155046410506,0.90833429951773,0.8196488622593758,0.8497922772689056,0.8244453358774414,0.7209884982513816,0.8017361895810068,0.8663898176975857,0.8837222645873588,0.8002689570070278,0.8609560503334339,0.8361527989647328,0.771718675280116,0.8563397109642797,0.8599375317760458,0.8799303342347675,0.7956802666682325,0.8583604288232282,0.82916638646492,0.7655478567341042,0.8513945592729593,0.8545483603498438
best_val,epoch_0029_8c359ed1,False,True,beatles,27,0.9462909337106408,0.8661532191693992,0.8852336555052015,0.8820747063438964,0.7164805057204374,0.7842322434089355,0.9141828200272686,0.9506547142175085,0.8807887961020824,0.8998692324378845,0.8831719806247305,0.7823236189954889,0.8658090803374958,0.9169133474211195,0.9344318837212141,0.8556393252436748,0.9101131144954785,0.8843992485680577,0.766469485135658,0.8796945858645436,0.9094155661446359,0.9354065425906098,0.8551603980406097,0.9123252073923573,0.8856761193004675,0.766552581385005,0.882353665843645,0.9105413309455387
best_val,epoch_0029_8c359ed1,False,True,smc,217,0.5625145425388972,0.37398727801584025,0.4834487775384489,,,,0.5625145425388972,0.5676479109119531,0.399851051598451,0.5221719987907302,,,,0.5676479109119531,0.49922172412228305,0.34513128063545134,0.5359925683736866,,,,0.49922172412228305,0.4661412179419731,0.3046717186539405,0.513601343626329,,,,0.4661412179419731
best_val,epoch_0029_8c359ed1,False,True,gtzan,993,0.886548135513983,0.784167365787912,0.8621938567762005,0.7466561216916429,0.5735556987449242,0.722931084791735,0.8166021286028129,0.8883846946365993,0.7902918931565224,0.8705695851414599,0.7585251876575279,0.6697395934634903,0.8005956390745443,0.8234549411470635,0.8618459773321638,0.7756608188530517,0.8629254541349604,0.7489344246268179,0.7151103510249853,0.8499401259439623,0.8053902009794909,0.8545568073748998,0.7603277099242223,0.8572142021541694,0.7424269407052971,0.7074071874350261,0.8471346494269165,0.7984918740400985
clean_beatles_priority,epoch_0079_5b0a6bcb,True,False,allowed_val,556,0.9249192340531577,0.8456292494073752,0.8882335466992196,0.8495373003542459,0.7207057831734058,0.792438914637128,0.8872282672037017,0.9263520461901955,0.8523937213641437,0.8965896955676768,0.8511433829695721,0.7612208482682336,0.8474412009592961,0.8887477145798839,0.9097391527360312,0.8333813252005396,0.9032490937580021,0.8447916231428524,0.7759717754799607,0.8845182537754546,0.8772653879394419,0.91758386392987,0.851629098829007,0.9081887511304071,0.8477959635642791,0.7842259951704876,0.8892636421020005,0.8826899137470745
clean_beatles_priority,epoch_0079_5b0a6bcb,True,False,beatles,27,0.9390701611962576,0.844553799282905,0.9054569484213482,0.9042610538540143,0.7772199211669962,0.8079872370025278,0.9216656075251359,0.9385817712660449,0.8435916461059136,0.9083755141986053,0.8766432589851819,0.7652462480849189,0.8748141493194868,0.9076125151256134,0.9369953574348017,0.8624636513246557,0.8947725559739859,0.8537865810706436,0.7275604529718657,0.8580891646409283,0.8953909692527227,0.9395768546328042,0.8651766834334788,0.8974855880828089,0.8566856110530069,0.7310275670080855,0.8615562786771481,0.8981312328429055
clean_beatles_priority,epoch_0079_5b0a6bcb,True,False,smc,217,0.5836033660414155,0.4224446055678677,0.5111677854061265,,,,0.5836033660414155,0.5881814329359271,0.4490437004635874,0.5427468600066341,,,,0.5881814329359271,0.5532675413048008,0.41714305007308145,0.5998276910353383,,,,0.5532675413048008,0.5463770872466396,0.4309844389469302,0.5772726878677352,,,,0.5463770872466396
clean_beatles_priority,epoch_0079_5b0a6bcb,True,False,gtzan,993,0.8950585392577713,0.8089413512983101,0.9009494142967711,0.774042061110091,0.6524027932922686,0.7770054480115142,0.8345503001839312,0.8954035627930392,0.8125940374862831,0.9062934829665437,0.7707345775243599,0.7054892597638643,0.839058304448973,0.8330690701586996,0.8813869279139503,0.8079661245211156,0.9172944763544837,0.7615702433440084,0.7233495599661669,0.8767880898790841,0.8214785856289794,0.8894628570946533,0.8163968673237221,0.9256452740884478,0.7668324883938397,0.7308456316829794,0.8817838550379623,0.8281476727442465
last,epoch_0099_ade9648f,False,True,allowed_val,556,0.9264735385230024,0.8474886369923671,0.8857514485301482,0.8522104797298501,0.7204795881963443,0.7974525389744379,0.8893420091264262,0.9281720289533805,0.8539890450741272,0.8928312434508687,0.8537265917799415,0.7618664186750548,0.8468936468996242,0.890949310366661,0.9109038067919518,0.8324164815558841,0.9032881671417438,0.8496941902235563,0.7760665916285302,0.8835461445588223,0.8802989985077541,0.9188157324242916,0.850820513506171,0.907239873424684,0.8504118895379783,0.783756163852675,0.8855372583404977,0.884613810981135
last,epoch_0099_ade9648f,False,True,beatles,27,0.9476312407218787,0.8632738015800078,0.8662974149851096,0.8921302808034066,0.7477632107458687,0.8234221805246719,0.9198807607626427,0.9473892296972908,0.8639081424938008,0.865007080023632,0.8739938514754383,0.7301290362526548,0.8328402377152199,0.9106915405863645,0.9481358606418803,0.8838788420306026,0.8838788420306026,0.8589414019248385,0.7363785236035644,0.8474601549106915,0.9035386312833593,0.9481358606418803,0.8838788420306026,0.8838788420306026,0.8589414019248385,0.7363785236035644,0.8474601549106915,0.9035386312833593
last,epoch_0099_ade9648f,False,True,smc,217,0.5917337565991013,0.4309990692398011,0.5249410189834635,,,,0.5917337565991013,0.5942350899929566,0.44980112075518636,0.5479877610740737,,,,0.5942350899929566,0.5500973593606431,0.4168851512383277,0.5827661384600923,,,,0.5500973593606431,0.5505056135817453,0.4277672741142499,0.575074731397069,,,,0.5505056135817453
last,epoch_0099_ade9648f,False,True,gtzan,993,0.8938293850067401,0.8038370160560907,0.9041080369366402,0.7740236586687727,0.6503247045173377,0.7810106059373876,0.8339265218377564,0.8940771860583754,0.8073852976219543,0.9092512018400308,0.7707721078016518,0.7128363166146335,0.84651360445144,0.8324246469300136,0.8838370669868183,0.8106121624625382,0.9155846411729831,0.7655741960184125,0.726013409422268,0.8733903147379288,0.8247056315026153,0.8882196490177028,0.8144995669763546,0.9203459296437135,0.7686461384994598,0.732691553755082,0.876128731866332,0.8284328937585813
smc_gtzan_oracle,epoch_0099_ade9648f,False,False,allowed_val,556,0.9264735385230024,0.8474886369923671,0.8857514485301482,0.8522104797298501,0.7204795881963443,0.7974525389744379,0.8893420091264262,0.9281720289533805,0.8539890450741272,0.8928312434508687,0.8537265917799415,0.7618664186750548,0.8468936468996242,0.890949310366661,0.9109038067919518,0.8324164815558841,0.9032881671417438,0.8496941902235563,0.7760665916285302,0.8835461445588223,0.8802989985077541,0.9188157324242916,0.850820513506171,0.907239873424684,0.8504118895379783,0.783756163852675,0.8855372583404977,0.884613810981135
smc_gtzan_oracle,epoch_0099_ade9648f,False,False,beatles,27,0.9476312407218787,0.8632738015800078,0.8662974149851096,0.8921302808034066,0.7477632107458687,0.8234221805246719,0.9198807607626427,0.9473892296972908,0.8639081424938008,0.865007080023632,0.8739938514754383,0.7301290362526548,0.8328402377152199,0.9106915405863645,0.9481358606418803,0.8838788420306026,0.8838788420306026,0.8589414019248385,0.7363785236035644,0.8474601549106915,0.9035386312833593,0.9481358606418803,0.8838788420306026,0.8838788420306026,0.8589414019248385,0.7363785236035644,0.8474601549106915,0.9035386312833593
smc_gtzan_oracle,epoch_0099_ade9648f,False,False,smc,217,0.5917337565991013,0.4309990692398011,0.5249410189834635,,,,0.5917337565991013,0.5942350899929566,0.44980112075518636,0.5479877610740737,,,,0.5942350899929566,0.5500973593606431,0.4168851512383277,0.5827661384600923,,,,0.5500973593606431,0.5505056135817453,0.4277672741142499,0.575074731397069,,,,0.5505056135817453
smc_gtzan_oracle,epoch_0099_ade9648f,False,False,gtzan,993,0.8938293850067401,0.8038370160560907,0.9041080369366402,0.7740236586687727,0.6503247045173377,0.7810106059373876,0.8339265218377564,0.8940771860583754,0.8073852976219543,0.9092512018400308,0.7707721078016518,0.7128363166146335,0.84651360445144,0.8324246469300136,0.8838370669868183,0.8106121624625382,0.9155846411729831,0.7655741960184125,0.726013409422268,0.8733903147379288,0.8247056315026153,0.8882196490177028,0.8144995669763546,0.9203459296437135,0.7686461384994598,0.732691553755082,0.876128731866332,0.8284328937585813
