candidate_id,epoch,best_val_loss,aliases,allowed_pieces,beatles_pieces,smc_pieces,gtzan_pieces,beatles_clean_score,beatles_beat_fmeasure,beatles_beat_cmlt,beatles_beat_amlt,beatles_downbeat_fmeasure,beatles_downbeat_cmlt,beatles_downbeat_amlt,smc_beat_fmeasure,smc_beat_cmlt,smc_beat_amlt,gtzan_beat_fmeasure,gtzan_beat_cmlt,gtzan_beat_amlt,gtzan_downbeat_fmeasure,gtzan_downbeat_cmlt,gtzan_downbeat_amlt,smc_gtzan_oracle_score
epoch_0009_619b25e5,9,,beatthis_nosmc_single_seed0_e100-epoch0009.ckpt,556,27,217,993,0.8022812318703336,0.9196750685663077,0.7972554485175917,0.8532754195480161,0.7980149682895951,0.5193943141144878,0.6725665602123253,0.5054598940277936,0.29789629153649205,0.3729406239256517,0.871433896398108,0.7473048650059462,0.8214263626956465,0.6661163090282224,0.3720947778208567,0.5922223178517536,0.5607288838288953
epoch_0019_674044fd,19,0.4919,beatthis_nosmc_single_seed0_e100-best-0019-0.4919.ckpt;beatthis_nosmc_single_seed0_e100-epoch0019.ckpt,556,27,217,993,0.8630619501000103,0.9471333545660491,0.8711381166459599,0.8957346901868711,0.8660402507050408,0.6671698605501234,0.7396598650925035,0.5605730635707121,0.376315162140686,0.4523240944637248,0.8857562834364414,0.7796064810052101,0.8539503266572067,0.7325544473908234,0.5309529011363493,0.6819424631202022,0.6239152750665731
epoch_0029_8c359ed1,29,0.4869,beatthis_nosmc_single_seed0_e100-best-0029-0.4869.ckpt;beatthis_nosmc_single_seed0_e100-epoch0029.ckpt,556,27,217,993,0.8730815274960989,0.9462909337106408,0.8661532191693995,0.8852336555052017,0.8820747063438961,0.7164805057204375,0.7842322434089356,0.5625145425388978,0.3739872780158399,0.4834487775384487,0.8865481355139827,0.784167365787913,0.862193856776203,0.7466561216916422,0.5735556987449247,0.7229310847917348,0.6358866751110122
epoch_0034_aa43c6c5,34,0.5312,beatthis_nosmc_single_seed0_e100-best-0034-0.5312.ckpt,556,27,217,993,0.8681710937586397,0.948726902994284,0.884855893406978,0.884855893406978,0.8630361114871755,0.6723872599636612,0.7825030654445984,0.5703281198387824,0.36000995658618623,0.46713804359726924,0.8891714985923859,0.7882816561709615,0.8849189834681589,0.7511552102035738,0.5593084959974169,0.7198070216086772,0.6355361284099483
epoch_0039_98ffcb74,39,0.527,beatthis_nosmc_single_seed0_e100-best-0039-0.5270.ckpt;beatthis_nosmc_single_seed0_e100-epoch0039.ckpt,556,27,217,993,0.8492231612785374,0.9420920282228181,0.8598714059862544,0.8598714059862544,0.8456492187347093,0.615927188485484,0.7791156842032531,0.5542118257899754,0.37386764265946887,0.4558300885049329,0.8761697829281231,0.7493809512497182,0.8570541448511457,0.7477766372786632,0.5622831431638048,0.7343587301563747,0.6267007859577075
epoch_0049_57e2acfa,49,,beatthis_nosmc_single_seed0_e100-epoch0049.ckpt,556,27,217,993,0.8734253517207793,0.9388677272818816,0.8530363329357875,0.8851781848918809,0.8862859744986621,0.7383049690054183,0.7994516406179035,0.586519858305005,0.4262587165737654,0.5148267123802458,0.8896859440145115,0.7949617830228902,0.8854821180776621,0.7646971434139739,0.6310795227770956,0.7498915118980252,0.6624019626100429
epoch_0059_2e1dd936,59,0.5439,beatthis_nosmc_single_seed0_e100-best-0059-0.5439.ckpt;beatthis_nosmc_single_seed0_e100-epoch0059.ckpt,556,27,217,993,0.8701692520157599,0.9363339352109951,0.8260665824647387,0.8926162835509316,0.8895452451140099,0.7329078161844319,0.8026681090886565,0.5868313027975709,0.4265225509754512,0.5317951797283653,0.892881336372604,0.8010194970260844,0.8902180087589726,0.7739401414480456,0.6429083979840543,0.7759066388611605,0.669228510679343
epoch_0069_ad56d0f5,69,,beatthis_nosmc_single_seed0_e100-epoch0069.ckpt,556,27,217,993,0.8694471536428541,0.9356172843499353,0.8495520681961166,0.8628405194256656,0.8862711324809532,0.7274409710145676,0.8190475659695877,0.5763627907349664,0.4083051171930429,0.5103920353006297,0.8896725370081114,0.7889205092798319,0.887343726769416,0.7718079294509014,0.6295938864316806,0.7752649419938692,0.6591830915825021
epoch_0079_5b0a6bcb,79,,beatthis_nosmc_single_seed0_e100-epoch0079.ckpt,556,27,217,993,0.8835955871022705,0.9390701611962575,0.8445537992829047,0.905456948421348,0.9042610538540146,0.7772199211669962,0.8079872370025278,0.5836033660414156,0.42244460556786767,0.5111677854061264,0.8950585392577711,0.8089413512983108,0.9009494142967726,0.7740420611100898,0.6524027932922685,0.777005448011514,0.6674461533592648
epoch_0089_fddb8e36,89,,beatthis_nosmc_single_seed0_e100-epoch0089.ckpt,556,27,217,993,0.8803613107484878,0.9426257436287905,0.8517603459190458,0.8865911438412124,0.8930957278784475,0.742440238129759,0.839576948071465,0.5945362674917887,0.43426825520956114,0.5264185252862102,0.8940400614664602,0.8037429649934599,0.9019730838174324,0.770176261478065,0.6422627346302918,0.7760491738968318,0.6719987021366103
epoch_0099_ade9648f,99,,beatthis_nosmc_single_seed0_e100-epoch0099.ckpt;last.ckpt,556,27,217,993,0.8792696499890666,0.9476312407218785,0.8632738015800078,0.8662974149851096,0.8921302808034068,0.7477632107458687,0.8234221805246721,0.5917337565991014,0.4309990692398011,0.5249410189834633,0.8938293850067394,0.8038370160560908,0.9041080369366411,0.7740236586687717,0.6503247045173375,0.7810106059373877,0.6721126033525884
