candidate,checkpoint_sha256,epoch,val_loss,method,dataset,pieces,beat_f,beat_cmlt,beat_amlt,downbeat_f,downbeat_cmlt,downbeat_amlt
interim_best_epoch2,560c0f4b3ed9e6860919beed700b77beac9fd58424bcf35b3f508955c41610b1,2,0.810604939034505,direct,all,137,0.8155807284700749,0.5824698666003097,0.6698807331037615,0.5449709203096573,0.1154747771279867,0.35645173750657255
interim_best_epoch2,560c0f4b3ed9e6860919beed700b77beac9fd58424bcf35b3f508955c41610b1,2,0.810604939034505,direct,ballroom,103,0.8472957013724266,0.6297246752462481,0.7129666631757353,0.5622705197072575,0.12862552433143373,0.37241381780284605
interim_best_epoch2,560c0f4b3ed9e6860919beed700b77beac9fd58424bcf35b3f508955c41610b1,2,0.810604939034505,direct,rwc,34,0.7195030164423633,0.43931559334937864,0.5393557096504294,0.4925633103698684,0.07563574883519128,0.30809602366786154
interim_best_epoch2,560c0f4b3ed9e6860919beed700b77beac9fd58424bcf35b3f508955c41610b1,2,0.810604939034505,casm_30_300,all,137,0.8239887506237586,0.612573170907946,0.7087807898872408,0.5852494121627527,0.25906332653204067,0.42007286470489646
interim_best_epoch2,560c0f4b3ed9e6860919beed700b77beac9fd58424bcf35b3f508955c41610b1,2,0.810604939034505,casm_30_300,ballroom,103,0.855852581653611,0.6615389131895306,0.7512003569879867,0.5982659673295485,0.27070410040759263,0.43661142028850203
interim_best_epoch2,560c0f4b3ed9e6860919beed700b77beac9fd58424bcf35b3f508955c41610b1,2,0.810604939034505,casm_30_300,rwc,34,0.727460086033324,0.46423577517255793,0.5802744542585107,0.5458169068045186,0.2237986292031624,0.3699707698486798
interim_best_epoch2,560c0f4b3ed9e6860919beed700b77beac9fd58424bcf35b3f508955c41610b1,2,0.810604939034505,dbn_55_215,all,137,0.7966700805489764,0.6559227534796632,0.8582978062441846,0.6937180659565824,0.6327458902382834,0.8214053270919681
interim_best_epoch2,560c0f4b3ed9e6860919beed700b77beac9fd58424bcf35b3f508955c41610b1,2,0.810604939034505,dbn_55_215,ballroom,103,0.8622133598281034,0.7370529300552363,0.9233128979842695,0.7511048672448175,0.6914670033995857,0.8922963210028585
interim_best_epoch2,560c0f4b3ed9e6860919beed700b77beac9fd58424bcf35b3f508955c41610b1,2,0.810604939034505,dbn_55_215,rwc,34,0.5981124992033853,0.41014604208895633,0.6613403224433391,0.5198698149951633,0.45485545919080855,0.6066473161266231
interim_best_epoch2,560c0f4b3ed9e6860919beed700b77beac9fd58424bcf35b3f508955c41610b1,2,0.810604939034505,dbn_30_300,all,137,0.7903446321785429,0.6287360250545801,0.8646955995081923,0.673920544912122,0.6062568750810388,0.8067685386039022
interim_best_epoch2,560c0f4b3ed9e6860919beed700b77beac9fd58424bcf35b3f508955c41610b1,2,0.810604939034505,dbn_30_300,ballroom,103,0.8582124570205848,0.711438778834289,0.9322181145317846,0.7303581977141251,0.6629880389982912,0.8736802506827929
interim_best_epoch2,560c0f4b3ed9e6860919beed700b77beac9fd58424bcf35b3f508955c41610b1,2,0.810604939034505,dbn_30_300,rwc,34,0.5847450451570629,0.37819532978075604,0.6601420981131917,0.5029476555413473,0.43439481968465654,0.6040654108354979
