backbone,checkpoint_sha256,method,dataset,pieces,beat_f,beat_cmlt,beat_amlt,downbeat_f,downbeat_cmlt,downbeat_amlt
beatthis_search,cd8a8c93b11c189daab497076261730bc8a059fa2b8d2b9c07b012c2d9c4bd4d,direct,all,137,0.9474267448984892,0.8962286586635468,0.9236210175162971,0.924131934093517,0.8553823394568817,0.88880198705542
beatthis_search,cd8a8c93b11c189daab497076261730bc8a059fa2b8d2b9c07b012c2d9c4bd4d,direct,ballroom,103,0.9788223268128382,0.9660994712069826,0.9758082090710603,0.9633190559434321,0.9355146049007452,0.9495347888557784
beatthis_search,cd8a8c93b11c189daab497076261730bc8a059fa2b8d2b9c07b012c2d9c4bd4d,direct,rwc,34,0.8523165996873725,0.6845611971349037,0.7655245254533384,0.8054180061364211,0.6126287117887074,0.7048173227778642
mscnn_split,6cb647407caf367e1e3e66d13061a4459899f26e1ae0001e5c519cac95ab30b1,direct,all,137,0.9161873968432336,0.8266678863027336,0.850984205224219,0.8536902722986675,0.7237997776169266,0.7529915653586328
mscnn_split,6cb647407caf367e1e3e66d13061a4459899f26e1ae0001e5c519cac95ab30b1,direct,ballroom,103,0.9587972541992473,0.9194793066316758,0.9291880444957534,0.8950078428380046,0.7908971135803923,0.8198326484484018
mscnn_split,6cb647407caf367e1e3e66d13061a4459899f26e1ae0001e5c519cac95ab30b1,direct,rwc,34,0.787104593676486,0.5455038776591737,0.6140725744898646,0.7285223380177339,0.5205343186687802,0.5505024018808027
beatfm_911_split,44a1a33f6c3d08180bea2f0619c16a39a756644f101d0cd5d1691f7abd8ba764,direct,all,137,0.8288980776737974,0.6199710532100584,0.6817896741256501,0.6000633206784498,0.1707707449903393,0.4303812018373725
beatfm_911_split,44a1a33f6c3d08180bea2f0619c16a39a756644f101d0cd5d1691f7abd8ba764,direct,ballroom,103,0.8571522724215094,0.6599500193858215,0.7281666923168182,0.6198341549604773,0.1766167946754233,0.4672931452317315
beatfm_911_split,44a1a33f6c3d08180bea2f0619c16a39a756644f101d0cd5d1691f7abd8ba764,direct,rwc,34,0.7433044877027875,0.4988583027364233,0.5412945896053467,0.5401693227064251,0.15306065329729077,0.31855972626034357
beatthis_search,cd8a8c93b11c189daab497076261730bc8a059fa2b8d2b9c07b012c2d9c4bd4d,casm_no_smc,all,137,0.9484303207535972,0.9010147633732437,0.9311009279150652,0.9196940350421214,0.8659024182193041,0.9163769496964955
beatthis_search,cd8a8c93b11c189daab497076261730bc8a059fa2b8d2b9c07b012c2d9c4bd4d,casm_no_smc,ballroom,103,0.9789079754913502,0.9675035138907335,0.9772122517548113,0.9636921166877943,0.9559361886789822,0.9722939409590646
beatthis_search,cd8a8c93b11c189daab497076261730bc8a059fa2b8d2b9c07b012c2d9c4bd4d,casm_no_smc,rwc,34,0.8561009549304043,0.6995929603349654,0.7914107409887754,0.7864057288802296,0.5931530547679261,0.7469813585187126
mscnn_split,6cb647407caf367e1e3e66d13061a4459899f26e1ae0001e5c519cac95ab30b1,casm_no_smc,all,137,0.9188056652642572,0.8341919157730776,0.8608262592308035,0.8692291951892397,0.7877872253861491,0.8312850794859982
mscnn_split,6cb647407caf367e1e3e66d13061a4459899f26e1ae0001e5c519cac95ab30b1,casm_no_smc,ballroom,103,0.9609429767885026,0.9249984640489441,0.9347072019130218,0.9184244488301601,0.8846319313607931,0.9092448342633951
mscnn_split,6cb647407caf367e1e3e66d13061a4459899f26e1ae0001e5c519cac95ab30b1,casm_no_smc,rwc,34,0.7911543979996312,0.5591014901138349,0.6370104622817303,0.7201965150417456,0.4944047337570808,0.5951128811897664
beatfm_911_split,44a1a33f6c3d08180bea2f0619c16a39a756644f101d0cd5d1691f7abd8ba764,casm_no_smc,all,137,0.8398331809944679,0.6587808443582077,0.7196394520855328,0.6593480376616149,0.3776844288904332,0.5305484302342824
beatfm_911_split,44a1a33f6c3d08180bea2f0619c16a39a756644f101d0cd5d1691f7abd8ba764,casm_no_smc,ballroom,103,0.8678320386834418,0.6995660453865264,0.7605988942719859,0.6796959626584367,0.39705368996106793,0.5639689420189145
beatfm_911_split,44a1a33f6c3d08180bea2f0619c16a39a756644f101d0cd5d1691f7abd8ba764,casm_no_smc,rwc,34,0.7550131121131642,0.5352256765371246,0.5955564360501016,0.5977057942888898,0.31900696152939245,0.4293039386514267
beatthis_search,cd8a8c93b11c189daab497076261730bc8a059fa2b8d2b9c07b012c2d9c4bd4d,dbn_55_215,all,137,0.943553984832382,0.9001880604116573,0.9368316788831452,0.91487658690331,0.8583648780470552,0.9184642930477968
beatthis_search,cd8a8c93b11c189daab497076261730bc8a059fa2b8d2b9c07b012c2d9c4bd4d,dbn_55_215,ballroom,103,0.9774782316124965,0.9678712126376571,0.9775799505017347,0.9626658376739079,0.952591970868745,0.9689497231488274
beatthis_search,cd8a8c93b11c189daab497076261730bc8a059fa2b8d2b9c07b012c2d9c4bd4d,dbn_55_215,rwc,34,0.8407834725279173,0.6951479227858344,0.8133883854503593,0.7701032683923814,0.5729122144989947,0.7655231371534982
mscnn_split,6cb647407caf367e1e3e66d13061a4459899f26e1ae0001e5c519cac95ab30b1,dbn_55_215,all,137,0.9109621193857966,0.8461187689527444,0.8950654006687881,0.8876375456259922,0.823214141042302,0.8934660136023364
mscnn_split,6cb647407caf367e1e3e66d13061a4459899f26e1ae0001e5c519cac95ab30b1,dbn_55_215,ballroom,103,0.9572852769105992,0.9277933218902057,0.9509727337541518,0.9488222562544172,0.9322572978213365,0.9556759503662026
mscnn_split,6cb647407caf367e1e3e66d13061a4459899f26e1ae0001e5c519cac95ab30b1,dbn_55_215,rwc,34,0.7706302010018361,0.598692917406906,0.725699068086657,0.7022838634281164,0.4928775190352268,0.7050064992882712
beatfm_911_split,44a1a33f6c3d08180bea2f0619c16a39a756644f101d0cd5d1691f7abd8ba764,dbn_55_215,all,137,0.8254249074179993,0.7037566142303846,0.8202407983757768,0.7755077406878522,0.7088831256286741,0.817574430266083
beatfm_911_split,44a1a33f6c3d08180bea2f0619c16a39a756644f101d0cd5d1691f7abd8ba764,dbn_55_215,ballroom,103,0.8821405221346212,0.7793255577443826,0.8931656985669764,0.8280092884823359,0.7628890838798542,0.8872449978323961
beatfm_911_split,44a1a33f6c3d08180bea2f0619c16a39a756644f101d0cd5d1691f7abd8ba764,dbn_55_215,rwc,34,0.6536099569529392,0.4748271677026841,0.5993212477965546,0.6164589341339747,0.5452768403383343,0.6065135932269579
beatthis_search,cd8a8c93b11c189daab497076261730bc8a059fa2b8d2b9c07b012c2d9c4bd4d,dbn_30_300,all,137,0.9435831171642557,0.8965485833204275,0.933229463504832,0.9138169541116735,0.856909322354584,0.9191794572789201
beatthis_search,cd8a8c93b11c189daab497076261730bc8a059fa2b8d2b9c07b012c2d9c4bd4d,dbn_30_300,ballroom,103,0.9777406299331473,0.9678712126376571,0.9775799505017347,0.9626658376739079,0.952591970868745,0.9689497231488274
beatthis_search,cd8a8c93b11c189daab497076261730bc8a059fa2b8d2b9c07b012c2d9c4bd4d,dbn_30_300,rwc,34,0.8401059461290835,0.6804829709770557,0.7988735764259792,0.765833571555493,0.5670471812675666,0.7684048283200833
mscnn_split,6cb647407caf367e1e3e66d13061a4459899f26e1ae0001e5c519cac95ab30b1,dbn_30_300,all,137,0.9062327558146243,0.8393546687678314,0.8850052413676168,0.8857591668098764,0.8245429251466613,0.8920845245661292
mscnn_split,6cb647407caf367e1e3e66d13061a4459899f26e1ae0001e5c519cac95ab30b1,dbn_30_300,ballroom,103,0.9576087295953164,0.9284518870756333,0.9516312989395794,0.9497841126372359,0.9338263867690662,0.9572450393139322
mscnn_split,6cb647407caf367e1e3e66d13061a4459899f26e1ae0001e5c519cac95ab30b1,dbn_30_300,rwc,34,0.7505937764201748,0.5694425074236084,0.6831674787231414,0.6918012426858168,0.4934783208199645,0.6946864945948434
beatfm_911_split,44a1a33f6c3d08180bea2f0619c16a39a756644f101d0cd5d1691f7abd8ba764,dbn_30_300,all,137,0.8194913457390567,0.6888436960823795,0.8495569157340853,0.7685730558664643,0.6901361973045487,0.8250525594027932
beatfm_911_split,44a1a33f6c3d08180bea2f0619c16a39a756644f101d0cd5d1691f7abd8ba764,dbn_30_300,ballroom,103,0.8781852341710199,0.7703771636879397,0.9226196809047451,0.8213242563589315,0.7434716081516989,0.8924727797592071
beatfm_911_split,44a1a33f6c3d08180bea2f0619c16a39a756644f101d0cd5d1691f7abd8ba764,dbn_30_300,rwc,34,0.6416833896069326,0.44184525010082876,0.6282197153641453,0.608767948492225,0.5285612762087706,0.6208089506760098
