model_id,smc_training_status,method,dataset,pieces,beat_fmeasure,beat_cmlt,beat_amlt,downbeat_fmeasure,downbeat_cmlt,downbeat_amlt
official_final0,included_upstream_final0,direct,gtzan,993,0.8921548143412259,0.7982278386537638,0.9026568785601606,0.7870865932206783,0.6776588359517884,0.7990018544004598
official_final0,included_upstream_final0,casm_no_smc,gtzan,993,0.8926565948557788,0.8009838297335029,0.9061103055730468,0.7828804265888374,0.7167989762619568,0.8479858205463383
official_final0,included_upstream_final0,dbn_default,gtzan,993,0.880555092389722,0.8043754815616792,0.91271761700652,0.7753155631081372,0.7341275302185616,0.8843883373383894
official_final0,included_upstream_final0,dbn_30_300,gtzan,993,0.8859579874476716,0.8056467994992115,0.9201347567805787,0.7801947950825578,0.736959402082024,0.8910890597855715
baseline_no_smc_seed0_e100,excluded,direct,smc,217,0.5885606860644167,0.4333744205618768,0.5396860135617323,,,
baseline_no_smc_seed0_e100,excluded,direct,gtzan,993,0.8958382678554744,0.8068098791665004,0.9067747807120983,0.7819804805637158,0.6735897556093263,0.7927971555327785
baseline_no_smc_seed0_e100,excluded,casm_no_smc,smc,217,0.5893701442842321,0.4448743095043485,0.5591706172051705,,,
baseline_no_smc_seed0_e100,excluded,casm_no_smc,gtzan,993,0.8962380227222945,0.8105251734785647,0.9116064290900012,0.7791740982113279,0.715688310975268,0.8447200341731652
baseline_no_smc_seed0_e100,excluded,dbn_default,smc,217,0.559612783403186,0.4247702892874882,0.594952036704544,,,
baseline_no_smc_seed0_e100,excluded,dbn_default,gtzan,993,0.8857111526518742,0.8104037613768832,0.914173041176454,0.7722795148130983,0.7319356862221611,0.8762831048997991
baseline_no_smc_seed0_e100,excluded,dbn_30_300,smc,217,0.5607020461470126,0.4413950472360987,0.6018869511958577,,,
baseline_no_smc_seed0_e100,excluded,dbn_30_300,gtzan,993,0.8900955587482773,0.8120543709399924,0.9255691732260584,0.7773861606912897,0.7370646688724543,0.886962732895372
winner_no_smc_final,excluded,direct,smc,217,0.5920896623091165,0.43733984254433717,0.555033678950793,,,
winner_no_smc_final,excluded,direct,gtzan,993,0.887814051149781,0.7904318478068387,0.89610223090702,0.7775937549131665,0.6695199340558369,0.8030958746983137
winner_no_smc_final,excluded,casm_no_smc,smc,217,0.5897065712466661,0.4440847754681952,0.5710930176914152,,,
winner_no_smc_final,excluded,casm_no_smc,gtzan,993,0.8882914246389386,0.7929784441721701,0.9011007128847269,0.7774218251759334,0.715245634354754,0.8439688064960215
winner_no_smc_final,excluded,dbn_default,smc,217,0.5630642241860422,0.4389775266320297,0.6122455013769044,,,
winner_no_smc_final,excluded,dbn_default,gtzan,993,0.8833320454147695,0.8058710663052631,0.9148037302402657,0.7711782921827355,0.7276755198950775,0.8760425131921182
winner_no_smc_final,excluded,dbn_30_300,smc,217,0.565328668966775,0.4495973421279739,0.6051245071229241,,,
winner_no_smc_final,excluded,dbn_30_300,gtzan,993,0.8894055359715712,0.8070883308049772,0.9250843692946914,0.778370359515189,0.7331234310299368,0.8812080307180373
