candidate_id,source,epoch,val_loss,checkpoint,sha256,model_state_sha256,inference_candidate_id,is_canonical_model_state
mirex_no_smc_mscnn_lite_single-best-0119-0.6027,top3_val_loss,119,0.6027,/mmfs1/data/scratch/ems011/zhe/auto_structbeat_runs/mirex_no_smc_20260929/mscnn_lite_multiscale_cnn_single/checkpoints/mirex_no_smc_mscnn_lite_single-best-0119-0.6027.ckpt,19033db2e3b7b7bdc0dab5e7ba76ecc2587c34e614248b6c2f3a7235d26d6134,4c43f7427df6a33a9c8499621d2508ab1547da6d33bddb9e254ba3dfd224a0ac,mirex_no_smc_mscnn_lite_single-best-0119-0.6027,true
mirex_no_smc_mscnn_lite_single-best-0139-0.6081,top3_val_loss,139,0.6081,/mmfs1/data/scratch/ems011/zhe/auto_structbeat_runs/mirex_no_smc_20260929/mscnn_lite_multiscale_cnn_single/checkpoints/mirex_no_smc_mscnn_lite_single-best-0139-0.6081.ckpt,6a7dc388e3a124cb030c17dca8d8907336094a3f71fa868defbbc9b7de52b998,f1c007140a0ca4c4b8f052018921de8a92d5e81ac9c5340ce70163606ed27347,mirex_no_smc_mscnn_lite_single-best-0139-0.6081,true
mirex_no_smc_mscnn_lite_single-best-0154-0.6068,top3_val_loss,154,0.6068,/mmfs1/data/scratch/ems011/zhe/auto_structbeat_runs/mirex_no_smc_20260929/mscnn_lite_multiscale_cnn_single/checkpoints/mirex_no_smc_mscnn_lite_single-best-0154-0.6068.ckpt,5d1eed2bc64ce587fac5c4f7dc82704848313af931240622dde1b93eca4b73c0,a2ea68c8103a50b7135be0523661c3605d40eb06afe7c03011e1fcaf4db50489,mirex_no_smc_mscnn_lite_single-best-0154-0.6068,true
mirex_no_smc_mscnn_lite_single-epoch0099,periodic_milestone,99,,/mmfs1/data/scratch/ems011/zhe/auto_structbeat_runs/mirex_no_smc_20260929/mscnn_lite_multiscale_cnn_single/checkpoints/mirex_no_smc_mscnn_lite_single-epoch0099.ckpt,9dc87cffdd5a62e953123837fc9c4f9b1956116286ebee7bf00d0f5312a3eeb5,faf450df9313f2339a1624a00fe080a2651d8c38c699797b0792f5e2255e1f8f,mirex_no_smc_mscnn_lite_single-epoch0099,true
mirex_no_smc_mscnn_lite_single-epoch0199,periodic_milestone,199,,/mmfs1/data/scratch/ems011/zhe/auto_structbeat_runs/mirex_no_smc_20260929/mscnn_lite_multiscale_cnn_single/checkpoints/mirex_no_smc_mscnn_lite_single-epoch0199.ckpt,43bf141d9b96f0b1ba01dfe8fd5fcc6639da30c15d74d144ef621425d5188d21,5ac98db7c7e49e2eaa3f5f6e8a65833a31322c813024954f3de78bc804acd6de,mirex_no_smc_mscnn_lite_single-epoch0199,true
mirex_no_smc_mscnn_lite_single-epoch0299,periodic_milestone,299,,/mmfs1/data/scratch/ems011/zhe/auto_structbeat_runs/mirex_no_smc_20260929/mscnn_lite_multiscale_cnn_single/checkpoints/mirex_no_smc_mscnn_lite_single-epoch0299.ckpt,61f1290cf542017d01d950b12d2fd1c3fb2280797714f6ec4337cfbb9d91f1d1,4e7a95ef55d6eac33aa8af86981a62cf47345a10c9392b5b1420903c7c3a7a20,mirex_no_smc_mscnn_lite_single-epoch0299,true
mirex_no_smc_mscnn_lite_single-epoch0399,periodic_milestone,399,,/mmfs1/data/scratch/ems011/zhe/auto_structbeat_runs/mirex_no_smc_20260929/mscnn_lite_multiscale_cnn_single/checkpoints/mirex_no_smc_mscnn_lite_single-epoch0399.ckpt,5c175cf747463380575db21bcd7e0660156c497d762e1dd23759e593c7cf6a72,2ce65526921de87382fc7da6c8a23e6fbca68912fd22674aa11fcce65ac67d9d,mirex_no_smc_mscnn_lite_single-epoch0399,true
mirex_no_smc_mscnn_lite_single-epoch0499,periodic_milestone,499,,/mmfs1/data/scratch/ems011/zhe/auto_structbeat_runs/mirex_no_smc_20260929/mscnn_lite_multiscale_cnn_single/checkpoints/mirex_no_smc_mscnn_lite_single-epoch0499.ckpt,6f6a04c914510bcdf77648dcfada4f6002a5743cae06372cfb6d1d4cd7c8f537,f885069195f80ecea0a1690d9bc527c3ac1a2594c96fb070b98dbedb7bc3afc9,mirex_no_smc_mscnn_lite_single-epoch0499,true
mirex_no_smc_mscnn_lite_single-epoch0599,periodic_milestone,599,,/mmfs1/data/scratch/ems011/zhe/auto_structbeat_runs/mirex_no_smc_20260929/mscnn_lite_multiscale_cnn_single/checkpoints/mirex_no_smc_mscnn_lite_single-epoch0599.ckpt,27510fe2e8caa24ff205d180329959efb49ed77d7962fbfe09647c741fe39e92,6db6a87297d3162cd926793add3405726419ae4e316efac68692ec987832c4d4,mirex_no_smc_mscnn_lite_single-epoch0599,true
mirex_no_smc_mscnn_lite_single-epoch0699,periodic_milestone,699,,/mmfs1/data/scratch/ems011/zhe/auto_structbeat_runs/mirex_no_smc_20260929/mscnn_lite_multiscale_cnn_single/checkpoints/mirex_no_smc_mscnn_lite_single-epoch0699.ckpt,6667ef30f6195bd11eb6274b111a8de3dd57e78cdfc928980e5bf38dac56faba,ae38f8bbc106fab547500dbf017f1fb6b87f5e85dd067f77f8ba12c65839ffa8,mirex_no_smc_mscnn_lite_single-epoch0699,true
mirex_no_smc_mscnn_lite_single-epoch0799,periodic_milestone,799,,/mmfs1/data/scratch/ems011/zhe/auto_structbeat_runs/mirex_no_smc_20260929/mscnn_lite_multiscale_cnn_single/checkpoints/mirex_no_smc_mscnn_lite_single-epoch0799.ckpt,a18ac050cbd5b3577aef46db5a833273b6751166755d166dc8e59e6d18fec83b,719f719c5a6515f0ce9142e066283a3a09b16480899123a05b316ba2f8ee91f7,mirex_no_smc_mscnn_lite_single-epoch0799,true
mirex_no_smc_mscnn_lite_single-epoch0899,periodic_milestone,899,,/mmfs1/data/scratch/ems011/zhe/auto_structbeat_runs/mirex_no_smc_20260929/mscnn_lite_multiscale_cnn_single/checkpoints/mirex_no_smc_mscnn_lite_single-epoch0899.ckpt,5439190f49f2c76a59ca7e32a5771d98d8ddad52c0d16ef7d35d28ca9bda4308,eea7a716009ee920570f6f17749fef24a3fbe671f4bb69853db671aa6b70c723,mirex_no_smc_mscnn_lite_single-epoch0899,true
mirex_no_smc_mscnn_lite_single-epoch0999,periodic_milestone,999,,/mmfs1/data/scratch/ems011/zhe/auto_structbeat_runs/mirex_no_smc_20260929/mscnn_lite_multiscale_cnn_single/checkpoints/mirex_no_smc_mscnn_lite_single-epoch0999.ckpt,aecc4ed0ad0e937b0e9953512685f5dfc0beb7fa4e3761e1d3bf8037de87cacc,31daea2e2043ae8473f98e0ec784518de9c357fc214b32040289547897b58810,mirex_no_smc_mscnn_lite_single-epoch0999,true
mirex_no_smc_mscnn_lite_single-epoch1099,periodic_milestone,1099,,/mmfs1/data/scratch/ems011/zhe/auto_structbeat_runs/mirex_no_smc_20260929/mscnn_lite_multiscale_cnn_single/checkpoints/mirex_no_smc_mscnn_lite_single-epoch1099.ckpt,9872b361cb00fd5237c993413318f33b077cd1e093b36de7199919ce135ed205,82230951c409d0d54315b7dd1c75b0fe5500efc1c7edca89983859b60bbf2ef6,mirex_no_smc_mscnn_lite_single-epoch1099,true
mirex_no_smc_mscnn_lite_single-epoch1199,periodic_milestone,1199,,/mmfs1/data/scratch/ems011/zhe/auto_structbeat_runs/mirex_no_smc_20260929/mscnn_lite_multiscale_cnn_single/checkpoints/mirex_no_smc_mscnn_lite_single-epoch1199.ckpt,328abb9a7c025c92ea2b407532c1d2b1912a2bc78502e076d7bdfae2d24e650d,b5ae38eb658793012bee5b7c674b01abeb3ad1f11615118adf97ac17efa2bdd2,mirex_no_smc_mscnn_lite_single-epoch1199,true
mirex_no_smc_mscnn_lite_single-epoch1299,periodic_milestone,1299,,/mmfs1/data/scratch/ems011/zhe/auto_structbeat_runs/mirex_no_smc_20260929/mscnn_lite_multiscale_cnn_single/checkpoints/mirex_no_smc_mscnn_lite_single-epoch1299.ckpt,67f3b3e33ce75da020cc16410e1fa89a108deb011286ad66ff6ac7c862a5fe73,c12294598d3c653a628a837d1b3989114061ea31466bb11aeca2c7432f29fada,mirex_no_smc_mscnn_lite_single-epoch1299,true
mirex_no_smc_mscnn_lite_single-epoch1399,periodic_milestone,1399,,/mmfs1/data/scratch/ems011/zhe/auto_structbeat_runs/mirex_no_smc_20260929/mscnn_lite_multiscale_cnn_single/checkpoints/mirex_no_smc_mscnn_lite_single-epoch1399.ckpt,b24c7df3489dc6a90f1ba68909e4fa74976c5dc5ef3c20c29a8798892276dd50,4691f5d3155592136848b4301f27bb56abc6ad332d434784565387301d308dbc,mirex_no_smc_mscnn_lite_single-epoch1399,true
mirex_no_smc_mscnn_lite_single-epoch1499,periodic_milestone,1499,,/mmfs1/data/scratch/ems011/zhe/auto_structbeat_runs/mirex_no_smc_20260929/mscnn_lite_multiscale_cnn_single/checkpoints/mirex_no_smc_mscnn_lite_single-epoch1499.ckpt,6cb647407caf367e1e3e66d13061a4459899f26e1ae0001e5c519cac95ab30b1,6b34337449e3c7aae7f5cb593ffeb473ab74d7d311f938162ed0cc14cce22d4a,mirex_no_smc_mscnn_lite_single-epoch1499,true
last,last,,,/mmfs1/data/scratch/ems011/zhe/auto_structbeat_runs/mirex_no_smc_20260929/mscnn_lite_multiscale_cnn_single/checkpoints/last.ckpt,001f877c54bb71be666063edf86a6736523abc0f4cf57013b1cc4e0dcd517870,6b34337449e3c7aae7f5cb593ffeb473ab74d7d311f938162ed0cc14cce22d4a,mirex_no_smc_mscnn_lite_single-epoch1499,false
